{"cameraMode":{"drawMode":0,"name":"Shaded","section":"Shading Mode"},"sceneLighting":true,"audioPlay":false,"sceneViewState":{"m_AlwaysRefresh":false,"showFog":true,"showSkybox":true,"showFlares":true,"showImageEffects":true,"showParticleSystems":true,"showVisualEffectGraphs":true,"m_FxEnabled":true},"in2DMode":false,"pivot":{"x":-1.7854840755462647,"y":9.584609031677246,"z":-20.567577362060548},"rotation":{"x":-0.00017315045988652855,"y":0.9997230768203735,"z":0.02218800224363804,"w":0.007798858918249607},"size":33.658851623535159,"orthographic":false}